"RID","set"
2,"STD"
8,"FA"
15,"FA"
21,"FA"
23,"STD"
31,"FA"
35,"EVAL"
47,"STD"
55,"EVAL"
56,"STD"
58,"STD"
59,"FA"
61,"FA"
68,"FA"
69,"STD"
72,"FA"
74,"STD"
89,"STD"
96,"STD"
106,"FA"
107,"FA"
112,"FA"
113,"STD"
116,"EVAL"
118,"STD"
120,"FA"
123,"STD"
125,"STD"
127,"EVAL"
130,"STD"
135,"EVAL"
138,"STD"
142,"EVAL"
150,"EVAL"
156,"STD"
159,"STD"
169,"EVAL"
171,"STD"
172,"STD"
173,"FA"
178,"EVAL"
186,"STD"
200,"EVAL"
205,"STD"
210,"EVAL"
225,"EVAL"
229,"STD"
232,"EVAL"
257,"STD"
259,"STD"
260,"STD"
272,"FA"
276,"EVAL"
285,"EVAL"
291,"FA"
295,"STD"
296,"EVAL"
298,"FA"
301,"STD"
303,"STD"
307,"EVAL"
311,"STD"
315,"STD"
337,"STD"
352,"STD"
359,"FA"
363,"FA"
377,"FA"
382,"STD"
384,"FA"
413,"FA"
416,"FA"
419,"FA"
420,"EVAL"
441,"STD"
448,"FA"
454,"STD"
459,"EVAL"
467,"EVAL"
473,"STD"
479,"STD"
498,"STD"
501,"EVAL"
505,"EVAL"
519,"STD"
520,"STD"
522,"FA"
538,"FA"
545,"STD"
546,"EVAL"
548,"EVAL"
553,"STD"
555,"EVAL"
557,"EVAL"
558,"FA"
566,"FA"
602,"STD"
605,"FA"
610,"STD"
618,"FA"
622,"EVAL"
626,"EVAL"
637,"STD"
644,"FA"
657,"FA"
668,"STD"
671,"EVAL"
672,"FA"
673,"FA"
677,"STD"
679,"EVAL"
680,"FA"
684,"STD"
685,"STD"
686,"STD"
698,"EVAL"
709,"EVAL"
715,"FA"
717,"EVAL"
722,"STD"
731,"FA"
734,"STD"
741,"STD"
746,"EVAL"
751,"FA"
767,"STD"
770,"EVAL"
778,"EVAL"
800,"EVAL"
802,"FA"
813,"FA"
824,"STD"
842,"STD"
843,"EVAL"
863,"STD"
867,"FA"
886,"FA"
896,"STD"
907,"STD"
908,"EVAL"
914,"EVAL"
919,"EVAL"
920,"STD"
923,"STD"
925,"EVAL"
926,"STD"
934,"STD"
951,"STD"
969,"STD"
972,"STD"
981,"FA"
984,"STD"
985,"STD"
989,"FA"
1016,"STD"
1023,"STD"
1032,"EVAL"
1034,"EVAL"
1040,"EVAL"
1045,"FA"
1046,"FA"
1052,"FA"
1063,"FA"
1072,"EVAL"
1074,"EVAL"
1098,"STD"
1106,"EVAL"
1118,"EVAL"
1122,"EVAL"
1123,"FA"
1131,"FA"
1133,"STD"
1155,"FA"
1169,"FA"
1186,"EVAL"
1187,"FA"
1190,"STD"
1194,"FA"
1195,"FA"
1202,"EVAL"
1203,"FA"
1206,"STD"
1212,"FA"
1218,"FA"
1222,"STD"
1226,"FA"
1232,"FA"
1242,"FA"
1246,"FA"
1249,"STD"
1250,"STD"
1256,"STD"
1261,"FA"
1268,"EVAL"
1269,"EVAL"
1280,"FA"
1286,"STD"
1288,"FA"
1300,"EVAL"
1318,"EVAL"
1352,"STD"
1378,"EVAL"
1380,"FA"
1406,"EVAL"
1408,"EVAL"
1414,"EVAL"
1417,"EVAL"
1418,"EVAL"
1419,"EVAL"
2002,"EVAL"
2003,"FA"
2007,"EVAL"
2010,"EVAL"
2011,"FA"
2018,"FA"
2022,"EVAL"
2026,"EVAL"
2027,"EVAL"
2031,"FA"
2036,"EVAL"
2037,"FA"
2042,"EVAL"
2043,"EVAL"
2045,"EVAL"
2047,"EVAL"
2052,"EVAL"
2055,"EVAL"
2057,"FA"
2058,"EVAL"
2060,"EVAL"
2061,"EVAL"
2063,"EVAL"
2068,"EVAL"
2070,"FA"
2072,"FA"
2073,"FA"
2074,"EVAL"
2077,"FA"
2079,"FA"
2083,"EVAL"
2087,"EVAL"
2093,"EVAL"
2099,"EVAL"
2100,"EVAL"
2106,"EVAL"
2109,"EVAL"
2116,"EVAL"
2119,"EVAL"
2121,"FA"
2123,"FA"
2124,"EVAL"
2125,"EVAL"
2130,"EVAL"
2133,"EVAL"
2138,"FA"
2142,"EVAL"
2146,"EVAL"
2148,"FA"
2150,"FA"
2151,"EVAL"
2153,"FA"
2155,"EVAL"
2164,"FA"
2167,"EVAL"
2168,"EVAL"
2171,"EVAL"
2180,"EVAL"
2182,"EVAL"
2183,"EVAL"
2184,"FA"
2185,"EVAL"
2187,"EVAL"
2190,"FA"
2191,"EVAL"
2193,"FA"
2194,"FA"
2195,"EVAL"
2196,"EVAL"
2199,"FA"
2200,"EVAL"
2201,"FA"
2205,"EVAL"
2208,"FA"
2210,"FA"
2213,"FA"
2216,"EVAL"
2219,"EVAL"
2220,"FA"
2225,"EVAL"
2233,"EVAL"
2234,"EVAL"
2237,"FA"
2238,"EVAL"
2239,"EVAL"
2240,"EVAL"
2245,"FA"
2247,"FA"
2248,"EVAL"
2249,"FA"
2263,"EVAL"
2264,"EVAL"
2274,"EVAL"
2278,"FA"
2284,"FA"
2301,"EVAL"
2304,"EVAL"
2307,"FA"
2308,"FA"
2315,"EVAL"
2316,"EVAL"
2332,"EVAL"
2333,"EVAL"
2336,"EVAL"
2347,"FA"
2357,"FA"
2360,"EVAL"
2363,"FA"
2367,"FA"
2373,"EVAL"
2374,"EVAL"
2376,"EVAL"
2378,"EVAL"
2379,"FA"
2380,"FA"
2381,"EVAL"
2389,"EVAL"
2390,"EVAL"
2391,"FA"
2392,"FA"
2394,"EVAL"
2395,"EVAL"
2396,"EVAL"
2398,"EVAL"
2403,"EVAL"
2405,"EVAL"
2407,"EVAL"
4003,"STD"
4004,"EVAL"
4005,"FA"
4007,"EVAL"
4010,"STD"
4012,"FA"
4014,"STD"
4015,"EVAL"
4018,"STD"
4020,"STD"
4021,"STD"
4022,"EVAL"
4026,"STD"
4028,"STD"
4029,"EVAL"
4030,"EVAL"
4032,"STD"
4034,"EVAL"
4035,"EVAL"
4036,"EVAL"
4037,"FA"
4041,"STD"
4042,"FA"
4043,"STD"
4050,"FA"
4051,"FA"
4053,"EVAL"
4054,"FA"
4057,"EVAL"
4058,"EVAL"
4059,"EVAL"
4060,"STD"
4061,"EVAL"
4063,"EVAL"
4067,"EVAL"
4071,"FA"
4072,"EVAL"
4073,"FA"
4075,"STD"
4076,"STD"
4077,"FA"
4079,"FA"
4080,"STD"
4081,"STD"
4082,"STD"
4084,"STD"
4086,"STD"
4090,"STD"
4092,"STD"
4093,"FA"
4094,"EVAL"
4096,"FA"
4097,"FA"
4100,"STD"
4102,"EVAL"
4103,"FA"
4104,"FA"
4105,"STD"
4114,"EVAL"
4115,"EVAL"
4119,"STD"
4120,"STD"
4121,"FA"
4122,"FA"
4125,"STD"
4127,"FA"
4128,"FA"
4131,"FA"
4133,"EVAL"
4134,"EVAL"
4138,"EVAL"
4139,"FA"
4143,"FA"
4146,"EVAL"
4148,"FA"
4149,"EVAL"
4150,"FA"
4151,"STD"
4155,"STD"
4157,"EVAL"
4158,"FA"
4159,"EVAL"
4160,"EVAL"
4162,"EVAL"
4164,"STD"
4167,"EVAL"
4168,"EVAL"
4169,"FA"
4170,"EVAL"
4171,"EVAL"
4173,"STD"
4174,"STD"
4175,"FA"
4176,"STD"
4177,"STD"
4179,"FA"
4184,"FA"
4185,"FA"
4186,"FA"
4187,"EVAL"
4188,"EVAL"
4189,"EVAL"
4194,"EVAL"
4196,"STD"
4197,"FA"
4198,"STD"
4199,"FA"
4200,"STD"
4202,"EVAL"
4203,"EVAL"
4205,"EVAL"
4206,"EVAL"
4208,"FA"
4210,"FA"
4212,"EVAL"
4213,"FA"
4214,"EVAL"
4216,"FA"
4217,"EVAL"
4218,"STD"
4219,"EVAL"
4220,"EVAL"
4222,"STD"
4224,"STD"
4225,"STD"
4226,"EVAL"
4229,"FA"
4232,"EVAL"
4234,"STD"
4235,"EVAL"
4237,"EVAL"
4240,"EVAL"
4241,"EVAL"
4243,"FA"
4244,"EVAL"
4245,"EVAL"
4250,"EVAL"
4251,"FA"
4254,"STD"
4255,"STD"
4256,"EVAL"
4257,"FA"
4259,"EVAL"
4262,"FA"
4263,"EVAL"
4266,"STD"
4268,"EVAL"
4269,"FA"
4270,"FA"
4271,"EVAL"
4272,"EVAL"
4274,"EVAL"
4275,"FA"
4276,"STD"
4277,"STD"
4278,"FA"
4279,"STD"
4281,"EVAL"
4285,"EVAL"
4287,"EVAL"
4288,"STD"
4290,"STD"
4291,"STD"
4292,"STD"
4293,"FA"
4294,"EVAL"
4297,"EVAL"
4299,"FA"
4300,"EVAL"
4301,"EVAL"
4302,"EVAL"
4303,"EVAL"
4308,"STD"
4309,"EVAL"
4310,"FA"
4311,"EVAL"
4312,"EVAL"
4313,"STD"
4320,"STD"
4324,"EVAL"
4327,"FA"
4328,"EVAL"
4331,"EVAL"
4332,"EVAL"
4335,"STD"
4337,"STD"
4339,"FA"
4340,"STD"
4343,"STD"
4345,"FA"
4346,"EVAL"
4348,"FA"
4349,"STD"
4350,"STD"
4351,"EVAL"
4352,"FA"
4354,"EVAL"
4356,"EVAL"
4357,"STD"
4359,"EVAL"
4360,"EVAL"
4362,"FA"
4363,"EVAL"
4365,"STD"
4366,"EVAL"
4367,"STD"
4369,"FA"
4371,"STD"
4372,"FA"
4376,"FA"
4377,"EVAL"
4380,"EVAL"
4381,"EVAL"
4382,"STD"
4383,"FA"
4384,"STD"
4385,"STD"
4386,"FA"
4387,"FA"
4388,"FA"
4389,"FA"
4390,"FA"
4391,"STD"
4392,"EVAL"
4393,"STD"
4394,"EVAL"
4395,"EVAL"
4396,"STD"
4399,"STD"
4400,"STD"
4401,"STD"
4402,"EVAL"
4403,"FA"
4404,"FA"
4405,"EVAL"
4406,"EVAL"
4408,"EVAL"
4410,"STD"
4414,"FA"
4415,"FA"
4417,"EVAL"
4419,"EVAL"
4420,"FA"
4421,"FA"
4422,"FA"
4423,"FA"
4424,"STD"
4426,"EVAL"
4427,"STD"
4428,"STD"
4429,"STD"
4430,"EVAL"
4431,"EVAL"
4432,"EVAL"
4433,"FA"
4434,"EVAL"
4438,"FA"
4441,"STD"
4442,"STD"
4443,"FA"
4444,"FA"
4445,"EVAL"
4446,"STD"
4447,"FA"
4448,"STD"
4449,"FA"
4453,"STD"
4455,"EVAL"
4456,"EVAL"
4458,"FA"
4462,"FA"
4463,"EVAL"
4464,"STD"
4465,"FA"
4466,"STD"
4467,"EVAL"
4468,"EVAL"
4469,"STD"
4473,"FA"
4474,"FA"
4475,"EVAL"
4476,"EVAL"
4480,"EVAL"
4482,"STD"
4483,"FA"
4485,"FA"
4488,"FA"
4489,"EVAL"
4491,"FA"
4496,"FA"
4498,"EVAL"
4499,"STD"
4502,"EVAL"
4503,"STD"
4505,"STD"
4506,"STD"
4507,"FA"
4508,"FA"
4510,"FA"
4512,"STD"
4513,"EVAL"
4514,"FA"
4515,"FA"
4516,"STD"
4517,"FA"
4520,"STD"
4521,"EVAL"
4522,"EVAL"
4524,"FA"
4530,"FA"
4531,"EVAL"
4536,"EVAL"
4538,"EVAL"
4539,"EVAL"
4540,"FA"
4542,"EVAL"
4543,"FA"
4545,"FA"
4547,"EVAL"
4548,"FA"
4552,"STD"
4553,"EVAL"
4555,"FA"
4556,"FA"
4557,"EVAL"
4558,"FA"
4559,"FA"
4560,"FA"
4562,"EVAL"
4564,"FA"
4565,"EVAL"
4566,"FA"
4571,"EVAL"
4576,"STD"
4577,"FA"
4578,"STD"
4579,"FA"
4580,"FA"
4582,"EVAL"
4584,"EVAL"
4585,"STD"
4586,"STD"
4587,"STD"
4590,"EVAL"
4594,"EVAL"
4595,"EVAL"
4596,"EVAL"
4597,"FA"
4598,"STD"
4599,"STD"
4601,"FA"
4603,"FA"
4604,"STD"
4605,"EVAL"
4607,"STD"
4609,"FA"
4610,"EVAL"
4611,"EVAL"
4612,"STD"
4613,"EVAL"
4614,"EVAL"
4616,"STD"
4620,"FA"
4621,"EVAL"
4623,"EVAL"
4624,"FA"
4626,"EVAL"
4629,"FA"
4630,"FA"
4631,"EVAL"
4632,"FA"
4633,"FA"
4635,"EVAL"
4636,"EVAL"
4637,"FA"
4638,"FA"
4643,"STD"
4644,"STD"
4645,"STD"
4646,"EVAL"
4649,"STD"
4652,"STD"
4653,"EVAL"
4654,"FA"
4659,"EVAL"
4661,"FA"
4668,"EVAL"
4671,"EVAL"
4674,"EVAL"
4675,"FA"
4678,"EVAL"
4679,"EVAL"
4680,"EVAL"
4688,"FA"
4689,"EVAL"
4694,"FA"
4706,"EVAL"
4708,"FA"
4711,"FA"
4712,"EVAL"
4713,"FA"
4714,"EVAL"
4715,"EVAL"
4720,"EVAL"
4721,"EVAL"
4722,"EVAL"
4723,"EVAL"
4729,"EVAL"
4736,"EVAL"
4739,"FA"
4741,"FA"
4742,"EVAL"
4743,"EVAL"
4744,"EVAL"
4745,"FA"
4746,"FA"
4750,"FA"
4757,"EVAL"
4762,"STD"
4764,"EVAL"
4765,"EVAL"
4767,"EVAL"
4769,"FA"
4777,"FA"
4780,"EVAL"
4782,"EVAL"
4784,"EVAL"
4785,"STD"
4791,"EVAL"
4793,"FA"
4795,"STD"
4796,"EVAL"
4798,"FA"
4799,"EVAL"
4803,"FA"
4804,"FA"
4805,"FA"
4806,"FA"
4807,"FA"
4809,"EVAL"
4813,"EVAL"
4814,"FA"
4815,"FA"
4816,"EVAL"
4817,"EVAL"
4823,"FA"
4825,"EVAL"
4832,"STD"
4835,"FA"
4838,"EVAL"
4842,"EVAL"
4843,"STD"
4844,"EVAL"
4849,"EVAL"
4852,"FA"
4855,"STD"
4856,"FA"
4857,"EVAL"
4858,"EVAL"
4862,"EVAL"
4868,"EVAL"
4869,"FA"
4871,"EVAL"
4872,"STD"
4873,"FA"
4874,"EVAL"
4876,"EVAL"
4877,"FA"
4878,"STD"
4883,"EVAL"
4885,"EVAL"
4888,"EVAL"
4889,"EVAL"
4891,"EVAL"
4893,"FA"
4896,"EVAL"
4897,"EVAL"
4898,"EVAL"
4899,"EVAL"
4900,"STD"
4902,"EVAL"
4903,"EVAL"
4904,"EVAL"
4907,"FA"
4909,"EVAL"
4914,"FA"
4917,"EVAL"
4919,"EVAL"
4920,"FA"
4921,"STD"
4922,"EVAL"
4925,"EVAL"
4926,"EVAL"
4928,"EVAL"
4929,"EVAL"
4936,"EVAL"
4941,"FA"
4943,"FA"
4944,"FA"
4945,"EVAL"
4947,"EVAL"
4951,"STD"
4952,"STD"
4955,"FA"
4958,"FA"
4960,"EVAL"
4966,"FA"
4974,"EVAL"
4976,"FA"
4985,"FA"
4986,"FA"
4987,"EVAL"
4989,"FA"
5000,"EVAL"
5004,"EVAL"
5007,"FA"
5014,"FA"
5023,"STD"
5026,"EVAL"
5031,"FA"
5040,"STD"
5047,"EVAL"
5066,"EVAL"
5075,"STD"
5078,"STD"
5079,"STD"
5082,"STD"
5083,"STD"
5091,"STD"
5093,"STD"
5096,"STD"
5097,"STD"
5099,"EVAL"
5100,"FA"
5102,"FA"
5109,"STD"
5110,"FA"
5113,"FA"
5118,"STD"
5121,"STD"
5124,"FA"
5125,"STD"
5126,"STD"
5127,"STD"
5129,"STD"
5130,"STD"
5131,"STD"
5132,"STD"
5135,"EVAL"
5137,"STD"
5140,"FA"
5141,"FA"
5142,"FA"
5147,"FA"
5148,"FA"
5150,"FA"
5153,"STD"
5154,"FA"
5157,"STD"
5158,"STD"
5159,"STD"
5160,"FA"
5166,"STD"
5167,"STD"
5169,"STD"
5170,"STD"
5171,"STD"
5175,"FA"
5176,"STD"
5177,"FA"
5178,"FA"
5185,"STD"
5193,"FA"
5194,"STD"
5195,"FA"
5197,"STD"
5198,"STD"
5199,"FA"
5200,"STD"
5202,"STD"
5203,"STD"
5204,"STD"
5207,"STD"
5209,"STD"
5212,"FA"
5213,"STD"
5214,"STD"
5218,"FA"
5219,"FA"
5222,"STD"
5227,"FA"
5228,"FA"
5230,"STD"
5234,"STD"
5235,"STD"
5236,"STD"
5237,"FA"
5242,"STD"
5243,"STD"
5244,"STD"
5248,"FA"
5250,"FA"
5253,"STD"
5256,"STD"
5258,"STD"
5259,"STD"
5261,"STD"
5262,"FA"
5263,"STD"
5265,"STD"
5266,"STD"
5267,"FA"
5269,"STD"
5271,"FA"
5272,"STD"
5273,"STD"
5277,"FA"
5278,"STD"
5279,"FA"
5280,"STD"
5282,"STD"
5283,"STD"
5285,"FA"
5287,"STD"
5288,"STD"
5289,"FA"
5290,"FA"
5292,"STD"
5294,"STD"
5295,"STD"
5296,"STD"
6001,"STD"
6002,"EVAL"
6005,"FA"
6007,"STD"
6008,"FA"
6009,"FA"
6015,"STD"
6016,"STD"
6017,"FA"
6019,"STD"
6024,"FA"
6030,"STD"
6031,"FA"
6032,"FA"
6033,"EVAL"
6034,"FA"
6035,"FA"
6037,"STD"
6038,"FA"
6041,"FA"
6043,"STD"
6044,"FA"
6045,"STD"
6046,"FA"
6047,"EVAL"
6049,"FA"
6051,"STD"
6052,"EVAL"
6053,"STD"
6054,"FA"
6056,"EVAL"
6058,"STD"
6059,"STD"
6061,"STD"
6062,"STD"
6064,"FA"
6065,"FA"
6066,"STD"
6067,"FA"
6068,"EVAL"
6069,"STD"
6073,"FA"
6075,"FA"
6076,"STD"
6080,"STD"
6082,"FA"
6083,"FA"
6084,"FA"
6085,"STD"
6088,"STD"
6094,"STD"
6097,"STD"
6103,"STD"
6104,"STD"
6105,"STD"
6110,"EVAL"
6111,"FA"
6113,"STD"
6115,"STD"
6116,"STD"
6117,"STD"
6118,"FA"
6119,"FA"
6120,"FA"
6125,"FA"
6131,"FA"
6133,"FA"
6134,"FA"
6136,"STD"
6138,"STD"
6141,"FA"
6144,"FA"
6145,"STD"
6146,"STD"
6147,"STD"
6148,"FA"
6151,"FA"
6157,"STD"
6158,"STD"
6159,"STD"
6161,"FA"
6163,"STD"
6164,"STD"
6170,"FA"
6173,"STD"
6175,"STD"
6178,"STD"
6180,"EVAL"
6183,"STD"
6184,"STD"
6185,"STD"
6186,"STD"
6187,"FA"
6188,"FA"
6189,"FA"
6192,"STD"
6195,"FA"
6197,"FA"
6199,"STD"
6200,"STD"
6202,"FA"
6203,"STD"
6204,"STD"
6206,"FA"
6207,"FA"
6209,"FA"
6211,"FA"
6212,"STD"
6213,"FA"
6218,"FA"
6220,"FA"
6222,"EVAL"
6224,"STD"
6226,"FA"
6228,"STD"
6229,"EVAL"
6233,"STD"
6234,"FA"
6236,"EVAL"
6237,"STD"
6240,"STD"
6241,"EVAL"
6243,"EVAL"
6244,"STD"
6250,"FA"
6251,"STD"
6252,"EVAL"
6253,"FA"
6254,"FA"
6255,"FA"
6256,"STD"
6257,"STD"
6258,"EVAL"
6259,"STD"
6260,"STD"
6266,"STD"
6268,"EVAL"
6269,"STD"
6271,"FA"
6273,"STD"
6274,"EVAL"
6275,"FA"
6277,"STD"
6278,"FA"
6281,"FA"
6283,"STD"
6287,"FA"
6288,"FA"
6289,"STD"
6291,"EVAL"
6292,"FA"
6293,"FA"
6294,"FA"
6297,"EVAL"
6298,"STD"
6300,"FA"
6304,"STD"
6306,"STD"
6307,"STD"
6308,"STD"
6310,"STD"
6312,"EVAL"
6313,"STD"
6314,"FA"
6315,"EVAL"
6316,"STD"
6318,"FA"
6319,"FA"
6320,"STD"
6321,"STD"
6323,"STD"
6326,"EVAL"
6327,"FA"
6328,"FA"
6329,"FA"
6330,"FA"
6333,"FA"
6334,"EVAL"
6335,"FA"
6336,"EVAL"
6341,"FA"
6343,"STD"
6345,"FA"
6346,"STD"
6348,"FA"
6349,"STD"
6350,"FA"
6351,"FA"
6352,"STD"
6354,"STD"
6356,"EVAL"
6357,"STD"
6359,"STD"
6360,"FA"
6362,"STD"
6364,"FA"
6367,"FA"
6369,"FA"
6370,"FA"
6371,"FA"
6372,"STD"
6373,"FA"
6374,"STD"
6375,"STD"
6376,"FA"
6378,"EVAL"
6381,"FA"
6384,"STD"
6385,"FA"
6386,"FA"
6393,"FA"
6394,"FA"
6396,"FA"
6399,"STD"
6400,"STD"
6401,"STD"
6402,"EVAL"
6404,"STD"
6405,"FA"
6406,"FA"
6408,"FA"
6409,"FA"
6411,"STD"
6412,"FA"
6413,"FA"
6414,"FA"
6415,"STD"
6416,"STD"
6417,"FA"
6418,"FA"
6419,"FA"
6421,"FA"
6422,"STD"
6423,"STD"
6424,"FA"
6426,"FA"
6427,"FA"
6428,"EVAL"
6429,"FA"
6432,"FA"
6436,"FA"
6437,"FA"
6439,"FA"
6441,"EVAL"
6442,"STD"
6446,"EVAL"
6447,"FA"
6448,"FA"
6449,"STD"
6450,"FA"
6452,"STD"
6454,"STD"
6455,"STD"
6456,"STD"
6457,"STD"
6459,"FA"
6462,"FA"
6463,"FA"
6465,"STD"
6467,"FA"
6468,"STD"
6471,"STD"
6472,"STD"
6473,"FA"
6474,"FA"
6476,"STD"
6479,"FA"
6480,"FA"
6483,"FA"
6485,"FA"
6487,"FA"
6488,"STD"
6492,"FA"
6493,"FA"
6494,"STD"
6495,"FA"
6496,"FA"
6497,"FA"
6498,"FA"
6499,"STD"
6500,"STD"
6502,"FA"
6503,"EVAL"
6504,"STD"
6509,"STD"
6510,"FA"
6512,"FA"
6513,"STD"
6514,"FA"
6515,"STD"
6516,"FA"
6517,"FA"
6518,"FA"
6521,"FA"
6522,"FA"
6524,"FA"
6525,"FA"
6529,"FA"
6533,"EVAL"
6534,"FA"
6535,"FA"
6541,"FA"
6544,"FA"
6546,"FA"
6547,"FA"
6548,"FA"
6550,"EVAL"
6551,"STD"
6559,"FA"
6563,"FA"
6564,"FA"
6566,"FA"
6570,"STD"
6572,"FA"
6574,"FA"
6575,"FA"
6577,"FA"
6578,"FA"
6580,"FA"
6581,"FA"
6582,"FA"
6586,"FA"
6589,"FA"
6591,"FA"
6593,"FA"
6604,"FA"
6606,"FA"
6610,"FA"
6611,"FA"
6615,"FA"
6616,"FA"
6619,"FA"
6621,"FA"
6622,"FA"
6624,"FA"
6629,"FA"
6632,"FA"
6634,"FA"
6635,"FA"
6640,"FA"
6641,"FA"
6643,"FA"
6644,"FA"
6651,"FA"
6652,"FA"
6653,"FA"
6654,"FA"
6657,"FA"
6668,"FA"
6672,"FA"
6674,"FA"
6677,"FA"
6681,"FA"
6682,"FA"
6686,"FA"
6688,"FA"
6695,"FA"
6697,"FA"
6699,"FA"
6702,"FA"
6703,"FA"
6704,"FA"
6707,"FA"
6709,"FA"
6719,"FA"
6722,"FA"
6723,"FA"
6724,"FA"
6726,"FA"
6730,"FA"
6731,"FA"
6739,"FA"
6742,"FA"
6744,"FA"
6748,"FA"
6750,"FA"
6751,"FA"
6757,"FA"
6760,"FA"
6764,"FA"
6788,"FA"
